user_id,avg_monthly_spend,data_usage_gb,days_since_last_recharge,signal_strength_score,active_plan,support_tickets_open,churn_risk_score
JAZZ_0000,1997.79,9.26,27,0.7,Daily Social,2,0.76
JAZZ_0001,4763.43,27.1,6,0.59,Monthly Super,2,0.62
JAZZ_0002,3713.57,43.65,34,0.89,Daily Social,2,0.75
JAZZ_0003,3073.56,36.61,27,0.71,Weekly Mega,1,0.56
JAZZ_0004,948.89,40.33,13,0.59,Monthly Super,1,0.48
JAZZ_0005,948.77,32.94,9,0.85,Monthly Super,0,0.14
JAZZ_0006,478.8,34.61,15,0.65,Weekly Mega,1,0.47
JAZZ_0007,4357.65,42.46,15,0.36,Daily Social,0,0.39
JAZZ_0008,3085.35,12.48,30,0.29,Monthly Super,0,0.55
JAZZ_0009,3598.75,24.47,41,0.24,Monthly Super,0,0.67
JAZZ_0010,298.81,11.06,24,0.91,Daily Social,1,0.45
JAZZ_0011,4855.57,49.38,12,0.74,Weekly Mega,2,0.61
JAZZ_0012,4195.72,47.2,5,0.94,Daily Social,1,0.27
JAZZ_0013,1219.23,1.97,43,0.64,Daily Social,0,0.53
JAZZ_0014,1072.76,35.28,8,0.53,Daily Social,0,0.26
JAZZ_0015,1080.34,46.26,44,0.15,Monthly Super,1,0.93
JAZZ_0016,1660.36,9.03,35,0.7,Weekly Mega,0,0.43
JAZZ_0017,2718.83,28.4,42,0.62,Weekly Mega,0,0.53
JAZZ_0018,2273.34,45.77,19,0.99,Daily Social,1,0.37
JAZZ_0019,1597.9,1.7,17,0.32,Monthly Super,1,0.62
JAZZ_0020,3136.89,34.87,42,0.58,Daily Social,1,0.74
JAZZ_0021,869.57,14.87,20,0.69,Monthly Super,0,0.3
JAZZ_0022,1602.29,46.22,3,0.68,Monthly Super,0,0.15
JAZZ_0023,1958.54,48.55,32,0.61,Monthly Super,2,0.84
JAZZ_0024,2389.14,47.21,26,0.8,Monthly Super,2,0.71
JAZZ_0025,3968.84,23.71,6,0.28,Weekly Mega,1,0.54
JAZZ_0026,1158.43,43.1,5,0.75,Monthly Super,2,0.54
JAZZ_0027,2668.33,42.23,14,0.66,Monthly Super,0,0.26
JAZZ_0028,3043.59,15.96,17,0.91,Daily Social,2,0.59
JAZZ_0029,422.96,41.45,31,0.86,Daily Social,0,0.33
JAZZ_0030,3116.22,1.85,10,0.38,Weekly Mega,1,0.54
JAZZ_0031,1018.52,29.81,19,0.35,Daily Social,1,0.63
JAZZ_0032,512.25,11.5,23,0.98,Monthly Super,0,0.21
JAZZ_0033,4754.65,6.03,14,0.57,Daily Social,2,0.7
JAZZ_0034,4835.03,3.85,6,0.92,Weekly Mega,1,0.29
JAZZ_0035,4080.31,34.81,20,0.25,Daily Social,1,0.68
JAZZ_0036,1662.15,16.99,41,0.68,Daily Social,2,0.89
JAZZ_0037,668.83,36.24,25,0.83,Weekly Mega,2,0.69
JAZZ_0038,3484.32,3.27,43,0.95,Weekly Mega,0,0.4
JAZZ_0039,2312.73,15.76,13,0.4,Monthly Super,2,0.76
JAZZ_0040,785.78,26.97,36,0.75,Daily Social,2,0.82
JAZZ_0041,2576.85,39.54,20,0.58,Monthly Super,2,0.75
JAZZ_0042,365.06,15.94,17,0.15,Daily Social,0,0.49
JAZZ_0043,4564.74,31.29,4,0.72,Daily Social,0,0.15
JAZZ_0044,1442.14,44.3,2,0.72,Monthly Super,1,0.33
JAZZ_0045,3380.11,30.79,22,0.94,Daily Social,0,0.22
JAZZ_0046,1696.21,11.65,25,0.55,Daily Social,1,0.6
JAZZ_0047,2696.33,1.22,36,0.31,Daily Social,2,1.0
JAZZ_0048,2824.21,43.5,23,0.14,Weekly Mega,1,0.75
JAZZ_0049,1087.3,1.06,18,0.47,Monthly Super,1,0.57
JAZZ_0050,4854.01,43.74,24,0.37,Weekly Mega,2,0.87
JAZZ_0051,3920.64,26.45,20,0.78,Monthly Super,1,0.47
JAZZ_0052,4709.59,46.95,11,0.42,Monthly Super,0,0.33
JAZZ_0053,4495.17,39.94,40,0.95,Daily Social,0,0.38
JAZZ_0054,3069.92,49.9,32,0.97,Monthly Super,0,0.3
JAZZ_0055,4625.0,17.54,3,0.66,Weekly Mega,0,0.16
JAZZ_0056,624.76,38.36,41,0.94,Weekly Mega,1,0.59
JAZZ_0057,1140.72,20.1,6,0.78,Weekly Mega,1,0.34
JAZZ_0058,417.09,23.99,21,0.59,Monthly Super,2,0.75
JAZZ_0059,1761.59,31.38,32,0.26,Weekly Mega,1,0.78
JAZZ_0060,2065.65,43.68,16,0.51,Monthly Super,1,0.54
JAZZ_0061,1502.48,49.2,23,0.6,Weekly Mega,1,0.56
JAZZ_0062,4177.94,38.41,33,0.88,Weekly Mega,2,0.74
JAZZ_0063,1912.42,20.89,27,0.53,Monthly Super,0,0.43
JAZZ_0064,1548.49,21.07,42,0.91,Weekly Mega,1,0.61
JAZZ_0065,2804.94,36.88,40,0.71,Daily Social,2,0.87
JAZZ_0066,876.44,11.94,38,0.22,Monthly Super,2,1.05
JAZZ_0067,4050.55,5.52,21,1.0,Monthly Super,2,0.59
JAZZ_0068,557.84,17.73,16,0.57,Monthly Super,0,0.31
JAZZ_0069,4937.06,14.36,33,0.45,Daily Social,1,0.71
JAZZ_0070,3906.77,14.82,5,0.69,Monthly Super,2,0.57
JAZZ_0071,1153.84,11.68,5,0.2,Weekly Mega,0,0.36
JAZZ_0072,226.51,2.1,33,0.67,Weekly Mega,2,0.83
JAZZ_0073,4114.21,0.89,0,0.55,Weekly Mega,2,0.58
JAZZ_0074,3592.92,49.39,9,0.47,Monthly Super,2,0.69
JAZZ_0075,3699.23,21.39,20,0.96,Weekly Mega,2,0.59
JAZZ_0076,3902.1,19.22,4,0.57,Monthly Super,2,0.61
JAZZ_0077,555.41,33.98,1,0.3,Weekly Mega,0,0.29
JAZZ_0078,1920.64,10.91,21,0.51,Daily Social,1,0.58
JAZZ_0079,756.17,47.5,1,0.93,Daily Social,1,0.24
JAZZ_0080,4342.9,39.32,9,0.26,Daily Social,1,0.58
JAZZ_0081,3191.83,4.47,33,0.29,Daily Social,1,0.78
JAZZ_0082,1788.31,20.88,15,0.11,Monthly Super,0,0.49
JAZZ_0083,505.08,43.96,38,0.11,Weekly Mega,0,0.69
JAZZ_0084,1692.72,47.24,21,0.85,Daily Social,0,0.25
JAZZ_0085,1760.88,23.37,11,0.76,Monthly Super,2,0.59
JAZZ_0086,3702.11,30.67,23,0.42,Daily Social,2,0.84
JAZZ_0087,3260.28,8.35,39,0.73,Daily Social,2,0.85
JAZZ_0088,4458.62,49.56,37,0.46,Monthly Super,1,0.74
JAZZ_0089,2466.63,11.58,9,0.96,Monthly Super,2,0.5
JAZZ_0090,774.05,47.14,34,0.97,Weekly Mega,1,0.51
JAZZ_0091,3623.57,32.48,31,0.45,Weekly Mega,2,0.9
JAZZ_0092,3851.77,30.39,6,0.87,Daily Social,1,0.31
JAZZ_0093,2894.13,25.63,20,0.8,Daily Social,2,0.66
JAZZ_0094,3900.64,11.53,19,0.38,Weekly Mega,2,0.82
JAZZ_0095,2570.22,8.83,25,0.31,Weekly Mega,0,0.5
JAZZ_0096,2709.12,11.02,3,0.51,Monthly Super,2,0.62
JAZZ_0097,2252.2,9.32,21,0.8,Weekly Mega,2,0.67
JAZZ_0098,322.01,38.98,14,0.96,Weekly Mega,0,0.14
JAZZ_0099,717.88,17.51,39,0.79,Daily Social,1,0.63
JAZZ_0100,350.86,2.89,20,0.87,Weekly Mega,0,0.23
JAZZ_0101,3254.77,48.46,14,0.64,Daily Social,0,0.27
JAZZ_0102,1708.91,44.19,21,0.85,Weekly Mega,1,0.45
JAZZ_0103,2641.14,46.39,27,0.81,Monthly Super,2,0.72
JAZZ_0104,4556.32,49.75,13,0.44,Weekly Mega,1,0.54
JAZZ_0105,1396.6,8.69,26,0.6,Weekly Mega,2,0.79
JAZZ_0106,2169.84,19.81,40,0.82,Weekly Mega,2,0.83
JAZZ_0107,3826.65,37.91,39,0.14,Daily Social,1,0.89
JAZZ_0108,1298.23,34.8,27,0.83,Monthly Super,0,0.31
JAZZ_0109,569.5,7.69,25,0.26,Weekly Mega,1,0.72
JAZZ_0110,1590.81,40.79,1,0.56,Daily Social,2,0.58
JAZZ_0111,973.86,11.22,24,0.83,Monthly Super,1,0.48
JAZZ_0112,4662.55,11.19,2,0.33,Daily Social,1,0.49
JAZZ_0113,4078.98,26.85,7,0.32,Daily Social,2,0.73
JAZZ_0114,3240.34,29.65,43,0.46,Monthly Super,0,0.6
JAZZ_0115,4383.01,29.0,32,0.91,Weekly Mega,1,0.52
JAZZ_0116,4057.63,4.57,41,0.1,Daily Social,2,1.12
JAZZ_0117,1095.54,43.87,34,0.91,Daily Social,2,0.74
JAZZ_0118,4484.28,13.28,5,0.24,Weekly Mega,1,0.55
JAZZ_0119,2788.84,6.48,38,0.99,Weekly Mega,0,0.34
JAZZ_0120,4075.71,44.44,22,0.96,Monthly Super,1,0.41
JAZZ_0121,4501.24,47.78,24,0.55,Monthly Super,0,0.39
JAZZ_0122,1726.42,43.11,42,0.56,Monthly Super,0,0.55
JAZZ_0123,728.25,40.48,18,0.53,Weekly Mega,0,0.35
JAZZ_0124,1294.09,32.76,4,0.67,Daily Social,0,0.17
JAZZ_0125,2250.12,27.54,10,0.18,Daily Social,1,0.62
JAZZ_0126,4126.47,4.35,11,0.13,Monthly Super,2,0.85
JAZZ_0127,4331.51,20.42,9,0.15,Weekly Mega,2,0.82
JAZZ_0128,233.37,18.63,7,0.5,Daily Social,2,0.66
JAZZ_0129,2651.59,12.99,23,0.35,Monthly Super,2,0.86
JAZZ_0130,2203.57,36.17,27,0.66,Daily Social,2,0.78
JAZZ_0131,1266.12,24.79,40,0.99,Daily Social,2,0.76
JAZZ_0132,775.35,4.05,35,0.45,Weekly Mega,1,0.73
JAZZ_0133,1820.55,11.01,36,0.62,Weekly Mega,0,0.47
JAZZ_0134,4725.97,34.16,20,0.47,Daily Social,2,0.79
JAZZ_0135,1751.37,3.81,7,0.86,Monthly Super,1,0.32
JAZZ_0136,2690.19,42.56,8,0.91,Weekly Mega,2,0.51
JAZZ_0137,3574.49,24.76,14,0.89,Daily Social,2,0.57
JAZZ_0138,1945.42,24.03,39,0.98,Weekly Mega,0,0.35
JAZZ_0139,4864.55,29.62,17,0.12,Weekly Mega,0,0.5
JAZZ_0140,4819.75,41.23,41,0.86,Weekly Mega,0,0.42
JAZZ_0141,1408.56,17.39,19,0.78,Daily Social,2,0.66
JAZZ_0142,2586.79,33.9,5,0.31,Monthly Super,2,0.72
JAZZ_0143,1644.22,28.29,11,0.96,Monthly Super,2,0.51
JAZZ_0144,1567.23,13.35,1,0.23,Monthly Super,0,0.32
JAZZ_0145,377.06,43.93,6,0.71,Weekly Mega,1,0.37
JAZZ_0146,3125.91,39.87,15,0.3,Daily Social,2,0.81
JAZZ_0147,2612.86,32.92,2,0.49,Weekly Mega,2,0.62
JAZZ_0148,447.1,42.53,44,0.75,Monthly Super,2,0.89
JAZZ_0149,1537.5,43.36,2,0.61,Monthly Super,1,0.37
JAZZ_0150,4559.68,35.42,26,0.48,Daily Social,2,0.84
JAZZ_0151,1349.9,41.85,42,0.39,Weekly Mega,1,0.82
JAZZ_0152,895.5,34.87,39,0.86,Monthly Super,2,0.8
JAZZ_0153,2549.37,34.01,37,0.23,Daily Social,1,0.84
JAZZ_0154,4931.12,30.93,32,0.49,Weekly Mega,2,0.89
JAZZ_0155,1361.87,37.64,27,0.91,Weekly Mega,0,0.28
JAZZ_0156,3426.25,7.93,0,0.86,Monthly Super,0,0.06
JAZZ_0157,3855.77,44.04,7,0.46,Monthly Super,0,0.28
JAZZ_0158,1340.66,43.59,36,0.79,Weekly Mega,0,0.4
JAZZ_0159,3695.44,1.46,31,0.84,Weekly Mega,2,0.74
JAZZ_0160,1965.36,41.29,42,0.9,Monthly Super,0,0.41
JAZZ_0161,3235.07,6.44,36,0.59,Weekly Mega,1,0.68
JAZZ_0162,3240.94,16.76,3,0.28,Monthly Super,0,0.31
JAZZ_0163,2771.72,37.18,29,0.33,Weekly Mega,0,0.53
JAZZ_0164,633.39,8.04,5,0.37,Monthly Super,0,0.3
JAZZ_0165,4209.45,40.9,18,0.63,Daily Social,2,0.71
JAZZ_0166,1739.74,41.61,31,0.13,Monthly Super,0,0.62
JAZZ_0167,1095.29,25.37,8,0.67,Monthly Super,1,0.4
JAZZ_0168,395.72,0.32,11,0.43,Daily Social,0,0.33
JAZZ_0169,3036.29,14.35,10,0.37,Weekly Mega,0,0.34
JAZZ_0170,3452.31,30.85,15,0.89,Daily Social,0,0.18
JAZZ_0171,279.62,49.06,0,0.51,Monthly Super,1,0.4
JAZZ_0172,2658.05,31.59,44,0.19,Weekly Mega,0,0.72
JAZZ_0173,1287.18,12.99,20,0.84,Daily Social,1,0.44
JAZZ_0174,3296.83,31.7,29,0.14,Weekly Mega,1,0.8
JAZZ_0175,1036.96,27.0,12,0.75,Weekly Mega,0,0.21
JAZZ_0176,3516.5,38.99,33,0.8,Daily Social,1,0.57
JAZZ_0177,2056.33,5.35,3,0.42,Weekly Mega,2,0.66
JAZZ_0178,4696.3,38.05,27,0.84,Daily Social,0,0.3
JAZZ_0179,860.1,27.06,37,0.56,Monthly Super,0,0.5
JAZZ_0180,1837.12,48.15,30,0.52,Weekly Mega,1,0.66
JAZZ_0181,744.67,17.09,26,0.14,Monthly Super,1,0.78
JAZZ_0182,4638.53,31.63,4,0.36,Monthly Super,0,0.29
JAZZ_0183,4411.23,46.6,24,0.94,Weekly Mega,2,0.64
JAZZ_0184,1438.12,5.13,2,0.45,Daily Social,1,0.44
JAZZ_0185,3367.92,46.86,32,0.59,Weekly Mega,1,0.65
JAZZ_0186,4122.67,34.39,3,0.58,Monthly Super,2,0.59
JAZZ_0187,2864.96,3.39,24,0.63,Monthly Super,2,0.76
JAZZ_0188,2742.32,15.05,19,0.16,Daily Social,0,0.5
JAZZ_0189,1360.89,35.41,33,0.43,Weekly Mega,2,0.92
JAZZ_0190,646.89,3.37,25,0.75,Monthly Super,0,0.32
JAZZ_0191,4506.64,29.11,4,0.28,Monthly Super,2,0.72
JAZZ_0192,4522.01,17.29,34,0.28,Monthly Super,1,0.79
JAZZ_0193,3238.89,31.05,27,0.11,Daily Social,0,0.6
JAZZ_0194,1827.34,2.29,28,0.49,Monthly Super,0,0.45
JAZZ_0195,1876.21,43.58,8,0.89,Monthly Super,0,0.12
JAZZ_0196,3684.59,48.67,37,0.15,Weekly Mega,2,1.07
JAZZ_0197,4506.13,48.44,5,0.27,Weekly Mega,1,0.54
JAZZ_0198,4458.01,37.48,18,0.38,Monthly Super,0,0.41
JAZZ_0199,3943.4,6.5,43,0.76,Monthly Super,0,0.48
JAZZ_0200,3281.75,37.91,10,0.68,Weekly Mega,0,0.22
JAZZ_0201,603.87,1.23,1,0.47,Daily Social,0,0.22
JAZZ_0202,975.82,1.11,43,0.78,Daily Social,1,0.67
JAZZ_0203,4513.06,16.18,43,0.65,Daily Social,2,0.92
JAZZ_0204,3110.86,24.43,8,0.91,Daily Social,1,0.31
JAZZ_0205,244.15,38.52,20,0.84,Daily Social,0,0.24
JAZZ_0206,687.06,34.16,23,0.33,Daily Social,1,0.67
JAZZ_0207,3384.81,22.3,33,0.34,Daily Social,0,0.56
JAZZ_0208,224.3,13.68,21,0.21,Daily Social,2,0.9
JAZZ_0209,971.88,49.86,2,0.4,Weekly Mega,2,0.66
JAZZ_0210,2833.92,21.31,11,1.0,Daily Social,2,0.5
JAZZ_0211,3521.1,22.57,27,0.47,Daily Social,0,0.45
JAZZ_0212,3329.41,8.18,29,0.3,Daily Social,1,0.74
JAZZ_0213,1276.49,39.74,25,0.79,Monthly Super,2,0.71
JAZZ_0214,3618.46,34.68,20,0.59,Weekly Mega,0,0.34
JAZZ_0215,1338.8,11.04,27,0.23,Weekly Mega,0,0.55
JAZZ_0216,1761.92,4.12,25,0.44,Weekly Mega,1,0.65
JAZZ_0217,3783.16,34.02,32,0.47,Daily Social,2,0.9
JAZZ_0218,3318.24,32.73,20,0.78,Daily Social,0,0.27
JAZZ_0219,4276.27,13.66,34,0.12,Monthly Super,1,0.85
JAZZ_0220,3356.54,47.54,33,0.34,Weekly Mega,2,0.96
JAZZ_0221,2927.88,7.55,40,0.57,Daily Social,1,0.73
JAZZ_0222,649.64,21.62,17,0.34,Weekly Mega,1,0.62
JAZZ_0223,1965.04,47.18,10,0.67,Monthly Super,0,0.22
JAZZ_0224,1472.97,20.99,22,0.53,Monthly Super,0,0.38
JAZZ_0225,1371.15,31.93,21,0.43,Monthly Super,0,0.41
JAZZ_0226,4870.45,19.88,16,0.95,Weekly Mega,1,0.36
JAZZ_0227,2086.87,13.71,4,0.67,Daily Social,0,0.17
JAZZ_0228,4481.82,49.2,43,0.22,Daily Social,1,0.89
JAZZ_0229,3229.47,20.47,10,0.6,Monthly Super,1,0.45
JAZZ_0230,4015.09,44.7,29,0.8,Daily Social,0,0.34
JAZZ_0231,2612.66,11.5,14,0.74,Monthly Super,2,0.63
JAZZ_0232,2969.14,10.66,26,0.25,Weekly Mega,2,0.93
JAZZ_0233,2564.08,1.56,34,0.98,Monthly Super,2,0.71
JAZZ_0234,1137.17,32.58,32,0.5,Weekly Mega,1,0.68
JAZZ_0235,3667.77,18.43,19,0.24,Monthly Super,1,0.67
JAZZ_0236,1547.71,43.22,15,0.26,Daily Social,1,0.63
JAZZ_0237,316.72,23.66,33,0.19,Daily Social,0,0.62
JAZZ_0238,3298.27,48.41,1,0.82,Monthly Super,1,0.28
JAZZ_0239,1050.13,9.28,34,0.21,Daily Social,0,0.62
JAZZ_0240,4714.2,43.43,39,0.21,Daily Social,0,0.66
JAZZ_0241,4778.86,38.83,27,0.87,Daily Social,2,0.69
JAZZ_0242,4591.35,38.55,38,0.41,Weekly Mega,2,0.97
JAZZ_0243,1976.76,42.24,5,0.13,Daily Social,2,0.79
JAZZ_0244,274.19,38.05,8,0.15,Weekly Mega,0,0.41
JAZZ_0245,4655.93,31.31,19,0.23,Monthly Super,0,0.48
JAZZ_0246,2255.28,6.56,0,0.29,Daily Social,0,0.28
JAZZ_0247,4839.94,1.63,7,0.7,Daily Social,1,0.38
JAZZ_0248,4825.38,46.04,22,0.24,Daily Social,0,0.5
JAZZ_0249,4294.45,30.83,2,0.21,Monthly Super,2,0.73
JAZZ_0250,1613.35,39.83,3,0.79,Weekly Mega,2,0.51
JAZZ_0251,2048.47,24.08,24,0.7,Weekly Mega,0,0.33
JAZZ_0252,4285.46,5.87,37,0.49,Daily Social,0,0.53
JAZZ_0253,1721.23,6.26,14,0.59,Monthly Super,2,0.69
JAZZ_0254,1013.57,34.28,20,0.38,Monthly Super,0,0.43
JAZZ_0255,2872.65,21.52,34,0.53,Monthly Super,2,0.89
JAZZ_0256,4693.54,10.03,13,0.56,Monthly Super,1,0.49
JAZZ_0257,3540.94,24.58,35,0.45,Monthly Super,2,0.93
JAZZ_0258,2936.29,3.21,11,0.92,Weekly Mega,1,0.33
JAZZ_0259,666.45,29.1,16,0.11,Weekly Mega,0,0.5
JAZZ_0260,3152.03,13.45,38,0.8,Weekly Mega,0,0.42
JAZZ_0261,4952.26,39.88,8,0.21,Daily Social,1,0.59
JAZZ_0262,872.4,15.52,34,0.82,Monthly Super,0,0.37
JAZZ_0263,2687.98,22.76,12,0.65,Daily Social,1,0.45
JAZZ_0264,4411.39,0.58,14,0.86,Monthly Super,0,0.18
JAZZ_0265,3755.69,3.62,17,0.19,Weekly Mega,2,0.88
JAZZ_0266,3545.68,19.62,32,0.6,Daily Social,0,0.44
JAZZ_0267,3571.92,24.0,5,0.55,Weekly Mega,2,0.62
JAZZ_0268,1925.56,30.0,26,0.74,Monthly Super,2,0.74
JAZZ_0269,1609.24,14.58,22,0.58,Monthly Super,1,0.56
JAZZ_0270,4084.93,34.75,26,0.59,Monthly Super,0,0.4
JAZZ_0271,4088.54,43.01,33,0.49,Weekly Mega,1,0.7
JAZZ_0272,4361.95,38.99,37,0.38,Monthly Super,0,0.58
JAZZ_0273,4583.55,1.98,13,0.53,Weekly Mega,2,0.7
JAZZ_0274,2654.44,24.03,35,0.21,Daily Social,2,1.03
JAZZ_0275,2607.28,5.25,7,0.97,Monthly Super,0,0.07
JAZZ_0276,4031.82,12.1,34,0.74,Monthly Super,0,0.41
JAZZ_0277,3319.83,49.33,18,0.96,Monthly Super,1,0.38
JAZZ_0278,3569.44,7.12,29,0.3,Daily Social,0,0.54
JAZZ_0279,4019.8,24.94,13,0.89,Monthly Super,0,0.16
JAZZ_0280,4472.03,30.91,19,0.83,Weekly Mega,0,0.24
JAZZ_0281,1822.38,35.12,24,0.71,Weekly Mega,1,0.53
JAZZ_0282,2002.8,27.98,39,0.66,Monthly Super,0,0.48
JAZZ_0283,651.11,0.49,23,0.38,Monthly Super,2,0.85
JAZZ_0284,2975.74,16.32,13,0.83,Daily Social,1,0.38
JAZZ_0285,372.52,25.89,25,0.55,Daily Social,1,0.6
JAZZ_0286,2434.87,4.39,37,0.16,Daily Social,2,1.06
JAZZ_0287,2804.69,17.53,22,0.38,Monthly Super,2,0.84
JAZZ_0288,1575.4,1.66,21,0.94,Daily Social,2,0.61
JAZZ_0289,3036.0,3.93,18,0.87,Daily Social,0,0.21
JAZZ_0290,346.4,19.85,2,0.98,Weekly Mega,2,0.43
JAZZ_0291,379.27,6.64,41,0.67,Daily Social,0,0.5
JAZZ_0292,4148.48,28.38,18,0.32,Weekly Mega,1,0.63
JAZZ_0293,1928.92,34.47,8,0.25,Weekly Mega,1,0.57
JAZZ_0294,809.89,40.03,27,0.27,Daily Social,2,0.93
JAZZ_0295,2706.77,10.01,19,0.12,Weekly Mega,0,0.52
JAZZ_0296,3895.97,8.37,44,0.45,Monthly Super,2,1.01
JAZZ_0297,1235.94,5.23,6,0.27,Monthly Super,2,0.75
JAZZ_0298,3189.87,31.82,13,0.47,Daily Social,0,0.33
JAZZ_0299,609.67,35.32,8,0.94,Monthly Super,2,0.5
JAZZ_0300,448.07,1.58,18,0.49,Weekly Mega,1,0.56
JAZZ_0301,2750.5,46.81,13,0.89,Monthly Super,2,0.56
JAZZ_0302,2795.05,2.6,37,0.64,Daily Social,0,0.47
JAZZ_0303,3259.66,27.06,35,0.32,Daily Social,0,0.58
JAZZ_0304,3685.24,35.45,39,0.42,Weekly Mega,1,0.78
JAZZ_0305,4884.09,43.55,16,0.18,Daily Social,0,0.47
JAZZ_0306,2678.24,35.7,29,0.4,Monthly Super,0,0.5
JAZZ_0307,1750.19,40.09,8,0.71,Daily Social,1,0.39
JAZZ_0308,4016.89,16.97,32,0.16,Weekly Mega,2,1.02
JAZZ_0309,1499.99,40.74,24,0.28,Daily Social,1,0.7
JAZZ_0310,2307.06,4.01,13,0.44,Monthly Super,2,0.74
JAZZ_0311,576.59,44.74,10,0.98,Weekly Mega,1,0.3
JAZZ_0312,321.68,27.38,34,0.81,Monthly Super,2,0.78
JAZZ_0313,4820.71,40.86,40,0.76,Weekly Mega,1,0.65
JAZZ_0314,4212.7,22.62,13,0.2,Daily Social,2,0.84
JAZZ_0315,3540.68,32.18,29,0.8,Weekly Mega,1,0.54
JAZZ_0316,2162.97,26.32,40,0.81,Weekly Mega,2,0.83
JAZZ_0317,1031.81,36.58,3,0.64,Daily Social,1,0.37
JAZZ_0318,950.9,4.08,3,0.99,Monthly Super,0,0.03
JAZZ_0319,1401.17,3.02,27,0.39,Daily Social,2,0.88
JAZZ_0320,2836.29,12.36,7,0.95,Weekly Mega,1,0.28
JAZZ_0321,3630.06,7.98,1,0.92,Daily Social,2,0.44
JAZZ_0322,3368.95,43.59,40,0.11,Weekly Mega,2,1.11
JAZZ_0323,1543.68,10.96,21,0.51,Daily Social,1,0.58
JAZZ_0324,4783.35,48.79,40,0.98,Daily Social,2,0.76
JAZZ_0325,3741.91,16.84,15,0.19,Monthly Super,1,0.66
JAZZ_0326,2860.9,9.11,28,0.59,Weekly Mega,0,0.41
JAZZ_0327,3136.26,39.48,29,0.98,Monthly Super,2,0.67
JAZZ_0328,2214.08,32.94,11,0.6,Weekly Mega,0,0.26
JAZZ_0329,1389.11,24.91,34,0.27,Daily Social,2,0.99
JAZZ_0330,1908.67,27.77,10,0.62,Weekly Mega,2,0.64
JAZZ_0331,3837.66,35.96,20,0.28,Monthly Super,2,0.87
JAZZ_0332,269.09,11.42,20,0.57,Monthly Super,1,0.55
JAZZ_0333,757.15,49.82,4,0.17,Monthly Super,0,0.37
JAZZ_0334,420.81,48.74,19,0.64,Weekly Mega,2,0.71
JAZZ_0335,395.5,32.52,36,0.57,Monthly Super,1,0.69
JAZZ_0336,4306.21,9.98,2,0.77,Monthly Super,2,0.51
JAZZ_0337,3577.56,34.01,43,0.67,Monthly Super,1,0.71
JAZZ_0338,2476.03,3.61,32,0.59,Daily Social,2,0.85
JAZZ_0339,669.6,1.53,8,0.72,Daily Social,0,0.18
JAZZ_0340,2559.76,12.88,8,0.23,Weekly Mega,0,0.38
JAZZ_0341,2472.66,23.13,3,0.64,Weekly Mega,2,0.57
JAZZ_0342,1031.37,43.41,34,0.25,Monthly Super,1,0.8
JAZZ_0343,2282.49,36.36,16,0.93,Daily Social,2,0.57
JAZZ_0344,2112.82,37.14,33,0.16,Monthly Super,1,0.83
JAZZ_0345,3156.08,21.27,23,0.49,Monthly Super,2,0.81
JAZZ_0346,3248.45,17.3,31,0.73,Daily Social,1,0.58
JAZZ_0347,417.46,18.55,0,0.51,Daily Social,0,0.2
JAZZ_0348,1998.14,49.38,7,0.18,Daily Social,2,0.79
JAZZ_0349,3204.13,2.01,44,0.6,Weekly Mega,0,0.55
JAZZ_0350,2615.05,43.35,22,0.68,Weekly Mega,0,0.32
JAZZ_0351,4311.15,28.93,39,0.73,Monthly Super,2,0.85
JAZZ_0352,3361.73,21.93,11,0.44,Weekly Mega,2,0.72
JAZZ_0353,982.09,36.26,11,0.61,Daily Social,1,0.45
JAZZ_0354,538.73,24.33,14,0.51,Daily Social,1,0.52
JAZZ_0355,3283.61,43.67,40,0.7,Weekly Mega,0,0.48
JAZZ_0356,327.25,45.04,18,0.63,Monthly Super,1,0.51
JAZZ_0357,3011.72,21.09,25,0.57,Monthly Super,1,0.59
JAZZ_0358,4713.11,13.84,28,0.32,Weekly Mega,2,0.92
JAZZ_0359,2962.28,29.62,21,0.1,Monthly Super,1,0.75
JAZZ_0360,2063.22,45.62,39,0.26,Monthly Super,0,0.64
JAZZ_0361,3287.78,10.53,20,0.21,Monthly Super,1,0.69
JAZZ_0362,2399.61,31.15,37,0.5,Daily Social,0,0.53
JAZZ_0363,2818.96,31.58,19,0.65,Daily Social,2,0.71
JAZZ_0364,4719.03,36.66,28,0.29,Weekly Mega,0,0.53
JAZZ_0365,2053.29,6.58,3,0.95,Daily Social,1,0.25
JAZZ_0366,4813.71,35.79,6,0.11,Monthly Super,2,0.81
JAZZ_0367,4545.68,45.45,27,0.8,Daily Social,1,0.52
JAZZ_0368,1139.8,8.98,27,0.66,Weekly Mega,2,0.78
JAZZ_0369,532.93,11.88,3,0.44,Daily Social,2,0.65
JAZZ_0370,683.73,48.57,21,0.15,Monthly Super,1,0.73
JAZZ_0371,287.46,9.05,11,0.66,Monthly Super,1,0.43
JAZZ_0372,653.33,42.72,44,0.45,Weekly Mega,2,1.01
JAZZ_0373,3478.43,24.61,2,0.94,Daily Social,2,0.44
JAZZ_0374,541.71,12.36,21,0.59,Daily Social,1,0.55
JAZZ_0375,1731.08,43.54,43,0.95,Daily Social,0,0.4
JAZZ_0376,4255.4,22.27,1,0.3,Monthly Super,1,0.49
JAZZ_0377,311.71,25.74,23,0.75,Weekly Mega,2,0.7
JAZZ_0378,4109.45,17.96,33,0.66,Daily Social,1,0.63
JAZZ_0379,1552.9,29.65,26,0.77,Monthly Super,0,0.32
JAZZ_0380,767.19,8.18,40,0.29,Monthly Super,1,0.84
JAZZ_0381,3544.34,19.55,0,0.7,Monthly Super,2,0.52
JAZZ_0382,3218.93,48.47,7,0.55,Daily Social,1,0.44
JAZZ_0383,4411.87,12.91,22,0.77,Daily Social,2,0.69
JAZZ_0384,3728.34,32.84,37,0.39,Daily Social,2,0.97
JAZZ_0385,4056.71,16.26,5,0.9,Daily Social,1,0.28
JAZZ_0386,1553.77,38.67,21,0.18,Daily Social,2,0.91
JAZZ_0387,1051.71,6.54,24,0.83,Daily Social,2,0.68
JAZZ_0388,3802.95,48.49,17,0.88,Daily Social,0,0.2
JAZZ_0389,4072.81,22.69,16,0.84,Daily Social,0,0.21
JAZZ_0390,4954.42,11.8,11,0.56,Daily Social,0,0.27
JAZZ_0391,2180.56,3.67,5,0.49,Monthly Super,0,0.25
JAZZ_0392,1985.69,8.49,25,1.0,Daily Social,2,0.62
JAZZ_0393,3926.78,25.99,26,0.31,Weekly Mega,1,0.71
JAZZ_0394,1835.86,16.85,7,0.59,Monthly Super,2,0.63
JAZZ_0395,4667.64,41.44,18,0.7,Daily Social,2,0.68
JAZZ_0396,4320.38,21.54,41,0.73,Weekly Mega,2,0.87
JAZZ_0397,2259.17,12.44,0,0.28,Daily Social,1,0.49
JAZZ_0398,3804.18,30.86,28,0.69,Weekly Mega,0,0.37
JAZZ_0399,3821.81,35.34,44,0.84,Weekly Mega,2,0.86
JAZZ_0400,694.99,8.35,34,0.15,Weekly Mega,2,1.04
JAZZ_0401,4532.25,8.38,39,0.92,Weekly Mega,0,0.38
JAZZ_0402,2625.21,1.83,13,0.13,Monthly Super,2,0.86
JAZZ_0403,4167.0,36.82,34,0.42,Monthly Super,1,0.73
JAZZ_0404,1736.24,33.19,44,0.11,Weekly Mega,2,1.15
JAZZ_0405,4498.51,23.73,19,0.17,Daily Social,2,0.9
JAZZ_0406,2068.17,42.21,12,0.92,Weekly Mega,0,0.14
JAZZ_0407,252.02,40.28,37,0.42,Monthly Super,2,0.96
JAZZ_0408,4545.83,29.27,7,0.48,Daily Social,2,0.67
JAZZ_0409,638.18,43.41,42,0.29,Monthly Super,1,0.86
JAZZ_0410,1732.71,10.29,19,0.64,Monthly Super,0,0.31
JAZZ_0411,4760.3,5.6,32,0.64,Daily Social,0,0.43
JAZZ_0412,4762.91,13.49,25,0.43,Weekly Mega,1,0.65
JAZZ_0413,2952.5,2.85,38,0.4,Weekly Mega,2,0.98
JAZZ_0414,3232.82,26.56,20,0.9,Weekly Mega,0,0.22
JAZZ_0415,2352.54,46.83,41,0.44,Weekly Mega,0,0.59
JAZZ_0416,1607.41,1.97,42,0.54,Daily Social,2,0.96
JAZZ_0417,1777.59,6.11,40,0.35,Daily Social,2,1.02
JAZZ_0418,3428.09,22.61,8,0.81,Daily Social,0,0.15
JAZZ_0419,3811.4,46.69,23,0.46,Monthly Super,2,0.82
JAZZ_0420,3999.58,15.81,36,0.56,Daily Social,0,0.5
JAZZ_0421,3990.17,25.36,40,0.33,Weekly Mega,2,1.02
JAZZ_0422,637.79,2.08,16,0.99,Monthly Super,2,0.55
JAZZ_0423,2573.22,7.42,23,0.36,Weekly Mega,1,0.66
JAZZ_0424,476.28,49.33,20,0.79,Weekly Mega,2,0.66
JAZZ_0425,2837.74,48.26,38,0.48,Daily Social,1,0.75
JAZZ_0426,2319.35,0.25,40,0.29,Daily Social,2,1.04
JAZZ_0427,4460.98,47.59,38,0.82,Weekly Mega,0,0.41
JAZZ_0428,1884.39,31.96,12,0.4,Weekly Mega,0,0.35
JAZZ_0429,761.92,43.4,10,0.88,Monthly Super,2,0.54
JAZZ_0430,886.36,22.74,18,0.92,Daily Social,2,0.59
JAZZ_0431,3855.25,25.78,10,0.87,Monthly Super,0,0.14
JAZZ_0432,3167.45,24.44,12,0.13,Monthly Super,2,0.85
JAZZ_0433,685.39,33.34,44,0.81,Monthly Super,1,0.67
JAZZ_0434,603.71,6.98,0,0.47,Weekly Mega,1,0.41
JAZZ_0435,3564.65,1.5,39,0.89,Monthly Super,1,0.59
JAZZ_0436,549.26,15.4,43,0.67,Monthly Super,1,0.71
JAZZ_0437,4144.93,35.23,18,0.85,Weekly Mega,1,0.42
JAZZ_0438,3589.96,10.09,11,0.55,Daily Social,2,0.68
JAZZ_0439,590.47,33.67,7,0.58,Daily Social,2,0.63
JAZZ_0440,607.22,48.5,7,0.23,Monthly Super,1,0.57
JAZZ_0441,4935.87,4.7,44,0.81,Weekly Mega,2,0.87
JAZZ_0442,1996.5,33.63,11,0.48,Daily Social,2,0.71
JAZZ_0443,1979.08,22.19,32,0.55,Monthly Super,1,0.66
JAZZ_0444,4101.44,43.41,44,0.81,Monthly Super,2,0.87
JAZZ_0445,4746.79,8.86,25,0.64,Weekly Mega,2,0.77
JAZZ_0446,4932.81,34.63,38,0.28,Monthly Super,2,1.03
JAZZ_0447,3816.22,41.91,27,0.63,Daily Social,1,0.59
JAZZ_0448,2006.05,47.23,4,0.47,Weekly Mega,2,0.65
JAZZ_0449,600.8,34.16,7,0.52,Daily Social,0,0.25
JAZZ_0450,3930.31,24.86,24,0.13,Daily Social,0,0.56
JAZZ_0451,2880.34,30.89,26,0.29,Daily Social,1,0.72
JAZZ_0452,2236.27,43.45,22,0.35,Monthly Super,0,0.46
JAZZ_0453,4550.5,28.53,29,0.74,Monthly Super,1,0.56
JAZZ_0454,733.75,1.52,44,0.11,Daily Social,0,0.75
JAZZ_0455,2564.6,46.55,22,0.47,Daily Social,0,0.41
JAZZ_0456,254.5,34.48,19,0.93,Weekly Mega,0,0.2
JAZZ_0457,2449.57,33.83,17,0.2,Weekly Mega,1,0.67
JAZZ_0458,470.26,10.78,17,0.56,Monthly Super,1,0.53
JAZZ_0459,770.33,32.94,1,0.81,Monthly Super,2,0.48
JAZZ_0460,764.13,19.69,3,0.95,Weekly Mega,1,0.25
JAZZ_0461,3316.21,32.56,29,0.77,Daily Social,0,0.35
JAZZ_0462,3781.02,5.33,32,0.75,Monthly Super,0,0.38
JAZZ_0463,3000.17,32.89,35,0.84,Daily Social,1,0.58
JAZZ_0464,4818.43,49.97,17,0.5,Weekly Mega,1,0.55
JAZZ_0465,1999.38,2.41,36,0.83,Monthly Super,1,0.59
JAZZ_0466,1571.42,48.86,18,0.11,Monthly Super,2,0.92
JAZZ_0467,4369.28,20.35,27,0.93,Weekly Mega,0,0.27
JAZZ_0468,1273.26,43.54,39,0.5,Monthly Super,2,0.95
JAZZ_0469,4823.47,39.12,19,0.6,Weekly Mega,2,0.73
JAZZ_0470,258.34,28.35,32,0.33,Monthly Super,0,0.55
JAZZ_0471,4855.42,36.92,11,0.77,Weekly Mega,0,0.19
JAZZ_0472,407.17,43.93,14,0.17,Monthly Super,1,0.66
JAZZ_0473,4477.49,20.21,40,0.89,Daily Social,1,0.6
JAZZ_0474,2732.97,16.35,38,0.85,Daily Social,2,0.8
JAZZ_0475,4966.23,33.38,1,0.29,Daily Social,1,0.49
JAZZ_0476,554.22,40.39,28,0.83,Monthly Super,1,0.52
JAZZ_0477,2858.5,38.11,40,0.81,Monthly Super,0,0.43
JAZZ_0478,4852.65,39.89,9,0.67,Daily Social,0,0.21
JAZZ_0479,2710.87,21.78,1,0.44,Daily Social,1,0.43
JAZZ_0480,3221.11,40.89,10,0.34,Weekly Mega,0,0.35
JAZZ_0481,3539.59,6.01,12,0.31,Weekly Mega,1,0.58
JAZZ_0482,2381.8,27.22,9,0.39,Weekly Mega,0,0.32
JAZZ_0483,3212.28,0.29,13,0.91,Daily Social,0,0.15
JAZZ_0484,3004.71,16.23,17,0.17,Daily Social,0,0.48
JAZZ_0485,4525.56,18.32,8,0.85,Daily Social,0,0.13
JAZZ_0486,418.14,19.81,38,0.41,Weekly Mega,1,0.77
JAZZ_0487,1548.62,34.77,27,0.57,Monthly Super,2,0.81
JAZZ_0488,4761.98,19.43,2,0.82,Daily Social,0,0.09
JAZZ_0489,4473.27,22.43,19,0.9,Monthly Super,1,0.41
JAZZ_0490,2387.15,11.88,5,0.41,Monthly Super,1,0.48
JAZZ_0491,3176.64,18.66,26,0.52,Monthly Super,0,0.42
JAZZ_0492,1531.43,11.36,1,0.47,Weekly Mega,2,0.62
JAZZ_0493,1102.98,3.66,28,0.11,Monthly Super,0,0.6
JAZZ_0494,2425.75,30.17,37,0.37,Daily Social,1,0.78
JAZZ_0495,1896.09,33.41,2,0.51,Weekly Mega,2,0.61
JAZZ_0496,3001.55,30.97,15,0.47,Daily Social,1,0.55
JAZZ_0497,573.13,23.17,29,0.75,Daily Social,0,0.36
JAZZ_0498,4877.1,18.99,39,0.45,Weekly Mega,2,0.97
JAZZ_0499,4933.81,43.17,1,0.54,Daily Social,1,0.39
JAZZ_0500,3551.18,25.95,16,0.49,Daily Social,1,0.55
JAZZ_0501,2773.26,23.96,40,0.77,Weekly Mega,1,0.65
JAZZ_0502,1685.73,1.28,11,0.88,Daily Social,0,0.15
JAZZ_0503,4106.22,17.06,34,0.58,Monthly Super,2,0.87
JAZZ_0504,3486.71,19.01,42,0.81,Daily Social,0,0.45
JAZZ_0505,980.56,19.94,0,0.37,Monthly Super,0,0.25
JAZZ_0506,4572.45,29.01,44,0.59,Daily Social,0,0.56
JAZZ_0507,4148.18,26.68,14,0.41,Weekly Mega,2,0.76
JAZZ_0508,4759.04,30.4,25,0.47,Weekly Mega,0,0.43
JAZZ_0509,3683.45,38.24,36,0.76,Daily Social,0,0.42
JAZZ_0510,3144.39,40.65,20,0.89,Weekly Mega,0,0.22
JAZZ_0511,2207.57,35.91,30,0.21,Daily Social,0,0.58
JAZZ_0512,4677.1,47.78,24,0.67,Weekly Mega,1,0.55
JAZZ_0513,4357.11,0.91,22,0.62,Monthly Super,0,0.35
JAZZ_0514,417.05,9.79,23,0.21,Daily Social,1,0.72
JAZZ_0515,326.56,0.38,37,0.29,Monthly Super,0,0.61
JAZZ_0516,2007.02,32.37,27,0.38,Monthly Super,2,0.89
JAZZ_0517,4090.66,44.9,20,0.25,Daily Social,1,0.68
JAZZ_0518,4938.93,12.17,42,0.32,Monthly Super,1,0.85
JAZZ_0519,922.0,46.35,17,0.34,Daily Social,1,0.62
JAZZ_0520,3051.83,3.01,35,0.4,Monthly Super,1,0.75
JAZZ_0521,2028.28,46.72,34,0.77,Daily Social,2,0.79
JAZZ_0522,4855.59,17.58,44,0.61,Daily Social,0,0.55
JAZZ_0523,4242.17,5.07,8,0.99,Weekly Mega,1,0.28
JAZZ_0524,4223.98,24.29,37,0.47,Daily Social,2,0.94
JAZZ_0525,2449.73,12.84,29,0.78,Daily Social,1,0.55
JAZZ_0526,2191.13,14.24,43,0.88,Monthly Super,0,0.43
JAZZ_0527,1512.35,15.36,33,0.71,Daily Social,1,0.61
JAZZ_0528,470.6,40.15,31,0.47,Weekly Mega,2,0.89
JAZZ_0529,4350.67,26.96,2,0.78,Monthly Super,0,0.11
JAZZ_0530,4101.92,15.57,2,0.28,Monthly Super,2,0.71
JAZZ_0531,4998.64,30.52,27,0.39,Weekly Mega,0,0.48
JAZZ_0532,4983.86,35.81,43,0.59,Monthly Super,0,0.55
JAZZ_0533,2866.07,13.63,14,0.62,Monthly Super,0,0.28
JAZZ_0534,3891.14,20.68,40,0.12,Monthly Super,1,0.91
JAZZ_0535,4734.88,6.09,22,0.95,Monthly Super,2,0.62
JAZZ_0536,4278.31,9.06,39,0.73,Weekly Mega,2,0.85
JAZZ_0537,1387.27,34.06,10,0.55,Weekly Mega,2,0.67
JAZZ_0538,2362.61,9.07,31,0.94,Monthly Super,0,0.3
JAZZ_0539,819.97,26.26,35,0.5,Monthly Super,1,0.71
JAZZ_0540,4779.44,35.45,32,0.98,Weekly Mega,0,0.29
JAZZ_0541,3109.64,5.34,23,0.56,Weekly Mega,2,0.78
JAZZ_0542,1297.49,28.37,38,0.2,Weekly Mega,1,0.86
JAZZ_0543,3424.16,12.83,33,0.79,Monthly Super,1,0.58
JAZZ_0544,3167.02,48.15,27,0.71,Monthly Super,1,0.56
JAZZ_0545,1919.18,24.18,36,0.8,Daily Social,2,0.8
JAZZ_0546,745.08,40.3,6,0.96,Weekly Mega,1,0.27
JAZZ_0547,3423.55,27.51,3,0.8,Monthly Super,1,0.31
JAZZ_0548,2697.48,2.17,36,0.65,Weekly Mega,0,0.46
JAZZ_0549,3907.13,31.66,0,0.87,Monthly Super,0,0.05
JAZZ_0550,2696.78,47.57,0,0.71,Weekly Mega,1,0.32
JAZZ_0551,4290.47,30.08,19,0.47,Monthly Super,1,0.58
JAZZ_0552,2849.15,40.96,18,0.9,Daily Social,0,0.2
JAZZ_0553,2892.5,44.21,28,0.3,Daily Social,0,0.53
JAZZ_0554,4407.94,11.4,9,0.74,Weekly Mega,0,0.18
JAZZ_0555,2136.72,10.6,17,0.89,Monthly Super,2,0.6
JAZZ_0556,843.27,30.55,27,0.76,Monthly Super,2,0.74
JAZZ_0557,338.16,20.55,34,0.73,Weekly Mega,0,0.41
JAZZ_0558,3824.66,41.99,42,0.78,Monthly Super,1,0.66
JAZZ_0559,3177.49,45.0,30,0.52,Weekly Mega,0,0.46
JAZZ_0560,3579.58,17.67,26,0.89,Monthly Super,2,0.68
JAZZ_0561,1222.23,11.84,10,0.28,Weekly Mega,1,0.58
JAZZ_0562,854.58,39.03,37,0.21,Monthly Super,2,1.04
JAZZ_0563,269.81,13.74,4,0.36,Weekly Mega,1,0.49
JAZZ_0564,1882.82,41.13,7,0.58,Monthly Super,2,0.63
JAZZ_0565,3031.6,21.19,33,0.56,Daily Social,1,0.67
JAZZ_0566,2082.77,33.38,11,0.84,Monthly Super,1,0.36
JAZZ_0567,2299.88,4.78,37,0.46,Weekly Mega,1,0.74
JAZZ_0568,4539.96,31.19,0,0.54,Daily Social,1,0.38
JAZZ_0569,1871.63,22.59,30,0.11,Monthly Super,2,1.02
JAZZ_0570,2667.15,29.33,3,0.47,Daily Social,2,0.64
JAZZ_0571,3961.53,8.4,44,0.68,Monthly Super,1,0.72
JAZZ_0572,2103.41,36.84,4,0.11,Daily Social,1,0.59
JAZZ_0573,3186.02,43.14,29,0.35,Weekly Mega,2,0.92
JAZZ_0574,4339.35,10.84,23,0.29,Monthly Super,1,0.69
JAZZ_0575,4757.7,4.79,2,0.14,Monthly Super,1,0.56
JAZZ_0576,905.95,1.18,10,0.53,Weekly Mega,1,0.48
JAZZ_0577,4647.62,32.1,44,0.26,Daily Social,0,0.69
JAZZ_0578,2562.16,30.35,3,0.77,Weekly Mega,1,0.32
JAZZ_0579,1439.57,27.33,25,0.86,Weekly Mega,0,0.28
JAZZ_0580,2403.85,11.6,26,0.59,Daily Social,1,0.6
JAZZ_0581,4904.16,19.55,42,0.98,Weekly Mega,2,0.78
JAZZ_0582,2564.57,29.72,26,0.51,Monthly Super,0,0.43
JAZZ_0583,1778.01,24.84,41,0.56,Monthly Super,0,0.54
JAZZ_0584,3240.32,49.39,5,0.99,Monthly Super,1,0.25
JAZZ_0585,1352.7,6.82,14,0.31,Weekly Mega,1,0.6
JAZZ_0586,564.14,34.76,29,0.95,Monthly Super,0,0.28
JAZZ_0587,818.62,20.22,41,0.14,Monthly Super,2,1.11
JAZZ_0588,814.62,21.41,36,0.5,Monthly Super,2,0.92
JAZZ_0589,929.13,35.88,36,0.16,Monthly Super,1,0.86
JAZZ_0590,866.37,34.62,41,0.76,Monthly Super,2,0.86
JAZZ_0591,3276.2,49.56,36,0.65,Monthly Super,2,0.86
JAZZ_0592,1073.02,6.42,34,0.74,Weekly Mega,1,0.61
JAZZ_0593,1859.2,5.21,22,0.44,Monthly Super,2,0.82
JAZZ_0594,4504.58,36.22,5,0.43,Monthly Super,1,0.47
JAZZ_0595,2475.02,28.92,3,0.14,Daily Social,0,0.37
JAZZ_0596,3404.28,13.71,17,0.41,Weekly Mega,1,0.59
JAZZ_0597,1027.14,3.97,8,0.94,Weekly Mega,0,0.1
JAZZ_0598,1122.99,4.28,28,0.44,Weekly Mega,0,0.47
JAZZ_0599,396.17,44.71,12,0.85,Weekly Mega,2,0.57
JAZZ_0600,1010.89,9.59,16,0.86,Monthly Super,2,0.6
JAZZ_0601,1537.23,16.17,44,0.44,Monthly Super,2,1.02
JAZZ_0602,1049.65,11.33,31,0.67,Daily Social,1,0.61
JAZZ_0603,625.77,17.75,21,0.19,Daily Social,2,0.91
JAZZ_0604,779.05,3.47,3,0.19,Weekly Mega,0,0.35
JAZZ_0605,2411.74,25.95,4,0.14,Daily Social,2,0.78
JAZZ_0606,1190.4,3.38,36,0.62,Daily Social,2,0.87
JAZZ_0607,1948.5,40.02,40,0.48,Weekly Mega,1,0.76
JAZZ_0608,2616.4,11.69,12,0.59,Weekly Mega,1,0.47
JAZZ_0609,3513.9,27.0,33,0.57,Daily Social,0,0.47
JAZZ_0610,388.7,44.0,44,0.42,Monthly Super,1,0.82
JAZZ_0611,4037.17,32.54,21,0.71,Daily Social,2,0.7
JAZZ_0612,3213.92,26.65,22,0.78,Daily Social,1,0.48
JAZZ_0613,592.44,16.22,2,0.11,Monthly Super,0,0.37
JAZZ_0614,4393.18,16.65,41,0.29,Monthly Super,2,1.05
JAZZ_0615,4620.19,33.47,33,0.74,Weekly Mega,0,0.4
JAZZ_0616,493.17,49.71,31,0.45,Weekly Mega,1,0.7
JAZZ_0617,1529.01,33.09,44,0.7,Daily Social,1,0.71
JAZZ_0618,4069.77,27.89,20,0.41,Monthly Super,0,0.41
JAZZ_0619,3791.65,36.53,43,0.45,Weekly Mega,2,1.0
JAZZ_0620,1085.7,23.26,20,0.24,Daily Social,1,0.68
JAZZ_0621,1204.88,3.01,43,0.33,Monthly Super,1,0.85
JAZZ_0622,1978.27,28.11,10,0.64,Daily Social,2,0.63
JAZZ_0623,2525.71,47.88,38,0.49,Weekly Mega,1,0.74
JAZZ_0624,3167.62,8.77,3,0.8,Weekly Mega,0,0.11
JAZZ_0625,1970.79,34.5,0,0.87,Monthly Super,1,0.25
JAZZ_0626,2420.17,10.05,27,0.59,Daily Social,1,0.6
JAZZ_0627,3787.86,26.79,23,0.78,Monthly Super,2,0.69
JAZZ_0628,376.08,4.83,34,0.38,Weekly Mega,0,0.55
JAZZ_0629,1411.7,22.52,12,0.47,Weekly Mega,2,0.72
JAZZ_0630,3624.08,37.81,33,0.74,Daily Social,1,0.6
JAZZ_0631,4496.99,17.38,10,0.45,Daily Social,1,0.51
JAZZ_0632,2656.05,33.25,35,0.63,Daily Social,2,0.86
JAZZ_0633,2754.14,39.77,16,0.27,Monthly Super,2,0.83
JAZZ_0634,714.43,46.36,34,0.64,Daily Social,2,0.85
JAZZ_0635,2347.58,11.73,17,0.88,Daily Social,0,0.2
JAZZ_0636,2756.56,19.97,39,0.88,Weekly Mega,1,0.59
JAZZ_0637,1363.86,7.62,21,0.75,Weekly Mega,2,0.69
JAZZ_0638,1492.37,49.62,23,0.77,Daily Social,1,0.5
JAZZ_0639,2010.96,46.35,18,0.6,Daily Social,0,0.32
JAZZ_0640,296.34,27.0,36,0.63,Weekly Mega,0,0.47
JAZZ_0641,1745.98,42.1,38,0.22,Daily Social,0,0.65
JAZZ_0642,1214.95,26.05,20,0.5,Monthly Super,0,0.38
JAZZ_0643,1771.99,31.18,7,0.51,Monthly Super,1,0.46
JAZZ_0644,774.86,4.46,27,0.96,Monthly Super,0,0.26
JAZZ_0645,4474.53,37.76,4,0.49,Daily Social,0,0.24
JAZZ_0646,3049.24,6.39,16,0.59,Weekly Mega,2,0.71
JAZZ_0647,3459.69,41.3,36,0.58,Daily Social,0,0.49
JAZZ_0648,3988.02,39.1,35,0.67,Daily Social,2,0.84
JAZZ_0649,2592.52,35.44,18,0.77,Weekly Mega,0,0.25
JAZZ_0650,617.22,1.81,26,0.3,Weekly Mega,0,0.51
JAZZ_0651,2778.11,15.16,33,0.58,Weekly Mega,2,0.86
JAZZ_0652,3016.84,13.16,10,0.84,Monthly Super,0,0.15
JAZZ_0653,3778.11,18.01,44,0.52,Daily Social,1,0.78
JAZZ_0654,2271.97,4.38,11,0.35,Weekly Mega,1,0.56
JAZZ_0655,812.39,46.85,20,0.69,Daily Social,0,0.3
JAZZ_0656,1562.12,27.69,10,0.84,Monthly Super,1,0.35
JAZZ_0657,1942.8,15.28,38,0.16,Monthly Super,2,1.07
JAZZ_0658,3300.4,19.85,27,0.8,Weekly Mega,0,0.32
JAZZ_0659,2939.74,22.36,4,0.84,Weekly Mega,0,0.1
JAZZ_0660,1909.26,30.03,16,0.52,Daily Social,2,0.73
JAZZ_0661,4935.27,25.78,19,0.98,Weekly Mega,2,0.58
JAZZ_0662,3107.72,45.97,40,0.81,Daily Social,2,0.83
JAZZ_0663,1338.69,24.85,11,0.8,Weekly Mega,0,0.18
JAZZ_0664,688.56,49.61,5,0.77,Daily Social,2,0.54
JAZZ_0665,933.72,42.57,16,0.24,Daily Social,2,0.85
JAZZ_0666,1380.6,10.43,18,0.3,Daily Social,1,0.64
JAZZ_0667,971.27,46.53,25,0.52,Daily Social,1,0.61
JAZZ_0668,1095.52,5.82,43,0.34,Monthly Super,0,0.65
JAZZ_0669,1568.46,40.87,43,0.47,Daily Social,1,0.79
JAZZ_0670,1032.19,19.03,31,0.9,Weekly Mega,1,0.52
JAZZ_0671,4504.47,43.9,5,0.84,Monthly Super,2,0.51
JAZZ_0672,585.12,43.4,35,0.67,Monthly Super,2,0.84
JAZZ_0673,2717.65,40.3,37,0.87,Daily Social,1,0.58
JAZZ_0674,2169.9,39.5,10,0.81,Monthly Super,1,0.36
JAZZ_0675,4915.42,15.23,32,0.49,Daily Social,1,0.69
JAZZ_0676,737.79,4.05,23,0.28,Weekly Mega,0,0.49
JAZZ_0677,2109.71,20.15,22,0.56,Daily Social,0,0.37
JAZZ_0678,4853.46,8.68,14,0.76,Monthly Super,0,0.22
JAZZ_0679,4354.43,34.75,26,0.49,Weekly Mega,1,0.64
JAZZ_0680,4121.95,17.3,10,0.7,Daily Social,1,0.41
JAZZ_0681,1437.93,48.78,16,0.18,Weekly Mega,0,0.47
JAZZ_0682,1020.26,32.05,13,0.77,Weekly Mega,0,0.21
JAZZ_0683,3409.49,41.12,26,0.83,Monthly Super,1,0.5
JAZZ_0684,4661.0,6.63,17,0.74,Weekly Mega,2,0.66
JAZZ_0685,2872.46,43.1,27,0.97,Monthly Super,0,0.25
JAZZ_0686,2943.74,46.14,3,0.84,Weekly Mega,1,0.29
JAZZ_0687,1543.9,24.35,6,0.91,Daily Social,1,0.29
JAZZ_0688,3893.57,30.31,44,0.94,Weekly Mega,2,0.82
JAZZ_0689,1097.81,38.24,34,0.82,Daily Social,1,0.57
JAZZ_0690,1753.66,8.74,8,0.71,Daily Social,1,0.39
JAZZ_0691,2242.09,25.13,7,0.11,Weekly Mega,0,0.42
JAZZ_0692,2636.53,19.93,44,0.52,Daily Social,0,0.58
JAZZ_0693,1363.57,7.32,16,0.61,Weekly Mega,2,0.7
JAZZ_0694,751.22,18.38,16,0.37,Weekly Mega,2,0.79
JAZZ_0695,3130.98,3.41,32,0.39,Daily Social,1,0.73
JAZZ_0696,1585.43,1.29,31,0.97,Daily Social,0,0.29
JAZZ_0697,2989.94,6.76,7,0.9,Monthly Super,2,0.5
JAZZ_0698,940.94,48.16,18,0.86,Daily Social,2,0.62
JAZZ_0699,2509.47,27.48,37,0.47,Monthly Super,2,0.94
JAZZ_0700,2756.43,48.29,2,0.11,Daily Social,1,0.57
JAZZ_0701,448.75,21.62,4,0.17,Weekly Mega,0,0.37
JAZZ_0702,1815.7,15.59,12,0.38,Daily Social,2,0.75
JAZZ_0703,845.19,25.31,30,0.11,Weekly Mega,0,0.62
JAZZ_0704,504.2,21.98,15,0.12,Weekly Mega,2,0.89
JAZZ_0705,4951.81,5.28,31,0.92,Weekly Mega,2,0.71
JAZZ_0706,1747.3,32.04,21,0.74,Monthly Super,0,0.29
JAZZ_0707,4087.4,10.8,28,0.38,Daily Social,0,0.5
JAZZ_0708,1422.28,30.98,21,0.22,Weekly Mega,0,0.5
JAZZ_0709,3471.21,32.51,42,0.56,Weekly Mega,1,0.75
JAZZ_0710,3849.09,7.6,2,0.1,Monthly Super,2,0.78
JAZZ_0711,3059.07,3.07,9,0.94,Daily Social,1,0.3
JAZZ_0712,2463.57,39.04,41,0.47,Daily Social,0,0.58
JAZZ_0713,2176.84,22.99,20,0.46,Monthly Super,2,0.79
JAZZ_0714,1874.57,2.91,15,0.45,Monthly Super,1,0.55
JAZZ_0715,4661.74,49.74,11,0.16,Daily Social,2,0.83
JAZZ_0716,4186.97,2.89,1,0.67,Monthly Super,1,0.34
JAZZ_0717,4832.13,34.75,40,0.76,Daily Social,0,0.45
JAZZ_0718,796.63,49.18,23,0.71,Daily Social,1,0.52
JAZZ_0719,3708.16,11.96,34,0.22,Weekly Mega,2,1.01
JAZZ_0720,4704.03,7.11,29,0.62,Weekly Mega,2,0.81
JAZZ_0721,1069.92,6.07,29,0.61,Daily Social,2,0.81
JAZZ_0722,519.18,15.16,34,0.88,Daily Social,2,0.75
JAZZ_0723,3757.38,5.05,18,0.44,Daily Social,0,0.38
JAZZ_0724,2957.47,34.61,7,0.43,Daily Social,1,0.49
JAZZ_0725,4240.78,3.11,25,0.66,Daily Social,0,0.36
JAZZ_0726,870.91,25.47,39,0.67,Daily Social,0,0.48
JAZZ_0727,4017.28,49.83,6,0.52,Monthly Super,0,0.25
JAZZ_0728,1167.81,40.7,29,0.5,Daily Social,2,0.86
JAZZ_0729,985.55,30.76,6,0.54,Monthly Super,2,0.64
JAZZ_0730,988.48,15.31,2,0.87,Monthly Super,2,0.47
JAZZ_0731,4109.96,31.19,0,0.52,Daily Social,1,0.39
JAZZ_0732,3392.95,26.35,35,0.95,Daily Social,2,0.73
JAZZ_0733,2710.71,21.3,24,0.55,Monthly Super,1,0.59
JAZZ_0734,1922.39,6.54,36,0.95,Monthly Super,2,0.74
JAZZ_0735,4410.56,44.33,0,0.85,Daily Social,2,0.46
JAZZ_0736,2083.74,22.49,14,0.43,Daily Social,0,0.35
JAZZ_0737,4119.68,9.73,36,0.88,Monthly Super,0,0.37
JAZZ_0738,2307.85,18.39,12,0.2,Monthly Super,0,0.43
JAZZ_0739,2009.33,20.71,39,0.93,Monthly Super,1,0.57
JAZZ_0740,2420.86,41.38,7,0.67,Weekly Mega,1,0.39
JAZZ_0741,1646.61,36.68,4,0.15,Monthly Super,2,0.78
JAZZ_0742,3788.53,38.47,8,0.68,Weekly Mega,1,0.4
JAZZ_0743,2613.06,0.55,0,0.98,Daily Social,2,0.41
JAZZ_0744,1314.62,20.81,35,0.16,Daily Social,1,0.85
JAZZ_0745,4517.96,24.07,34,0.6,Monthly Super,1,0.66
JAZZ_0746,2042.68,0.96,1,0.77,Daily Social,1,0.3
JAZZ_0747,2809.05,12.99,39,0.83,Daily Social,0,0.41
JAZZ_0748,4551.07,38.01,22,0.47,Daily Social,1,0.61
JAZZ_0749,3196.34,6.86,8,0.28,Daily Social,0,0.36
JAZZ_0750,761.11,26.77,33,0.14,Weekly Mega,0,0.64
JAZZ_0751,4711.19,10.76,13,0.62,Weekly Mega,1,0.47
JAZZ_0752,3213.0,0.61,3,0.51,Monthly Super,2,0.62
JAZZ_0753,1807.55,12.06,29,0.95,Monthly Super,2,0.68
JAZZ_0754,868.51,48.79,30,0.15,Monthly Super,2,1.01
JAZZ_0755,4011.32,40.08,37,0.72,Daily Social,1,0.64
JAZZ_0756,3176.35,47.98,10,0.12,Daily Social,2,0.84
JAZZ_0757,2760.61,24.39,34,0.25,Weekly Mega,0,0.6
JAZZ_0758,4490.68,5.49,7,0.51,Weekly Mega,2,0.66
JAZZ_0759,3985.27,27.4,2,0.51,Monthly Super,1,0.41
JAZZ_0760,928.04,22.72,13,0.72,Weekly Mega,2,0.63
JAZZ_0761,1696.27,42.22,12,0.92,Weekly Mega,0,0.14
JAZZ_0762,1392.75,4.9,44,0.68,Weekly Mega,1,0.72
JAZZ_0763,3770.94,24.41,31,0.96,Weekly Mega,2,0.69
JAZZ_0764,360.96,7.5,33,0.89,Weekly Mega,1,0.54
JAZZ_0765,2935.47,16.23,44,0.63,Monthly Super,1,0.74
JAZZ_0766,3859.8,36.87,18,0.85,Monthly Super,1,0.42
JAZZ_0767,4408.48,23.8,37,0.68,Weekly Mega,2,0.86
JAZZ_0768,1841.99,18.79,15,0.17,Monthly Super,1,0.67
JAZZ_0769,4142.04,19.72,1,0.77,Daily Social,2,0.5
JAZZ_0770,731.03,22.97,39,0.19,Weekly Mega,0,0.67
JAZZ_0771,4262.97,39.25,16,0.63,Daily Social,2,0.69
JAZZ_0772,811.95,44.6,33,0.73,Monthly Super,0,0.4
JAZZ_0773,2106.98,47.77,41,0.16,Monthly Super,2,1.1
JAZZ_0774,4027.02,39.35,15,0.31,Daily Social,1,0.61
JAZZ_0775,919.6,15.77,37,0.92,Monthly Super,2,0.76
JAZZ_0776,1300.41,34.41,1,0.65,Weekly Mega,1,0.35
JAZZ_0777,3666.81,21.88,1,0.32,Daily Social,0,0.28
JAZZ_0778,3656.18,12.73,25,0.72,Weekly Mega,2,0.73
JAZZ_0779,3277.51,42.04,12,0.64,Daily Social,1,0.45
JAZZ_0780,3530.95,1.92,30,0.55,Monthly Super,0,0.45
JAZZ_0781,2805.08,45.09,33,0.98,Daily Social,0,0.3
JAZZ_0782,1408.64,23.07,38,0.72,Daily Social,2,0.85
JAZZ_0783,1859.34,31.86,2,0.44,Weekly Mega,0,0.24
JAZZ_0784,1071.67,32.97,7,0.82,Monthly Super,1,0.33
JAZZ_0785,4560.56,44.76,22,0.9,Weekly Mega,0,0.24
JAZZ_0786,3000.28,31.83,13,0.21,Monthly Super,0,0.43
JAZZ_0787,2124.09,30.7,26,0.28,Weekly Mega,1,0.72
JAZZ_0788,2417.63,3.33,28,0.29,Daily Social,0,0.53
JAZZ_0789,4746.96,25.92,38,0.72,Weekly Mega,0,0.45
JAZZ_0790,936.09,7.51,38,0.64,Monthly Super,0,0.48
JAZZ_0791,3013.9,36.87,0,0.66,Monthly Super,0,0.14
JAZZ_0792,2628.27,25.61,16,0.95,Daily Social,1,0.36
JAZZ_0793,3134.98,34.01,40,0.8,Monthly Super,0,0.44
JAZZ_0794,286.93,2.08,29,0.22,Weekly Mega,1,0.77
JAZZ_0795,4386.19,4.24,12,0.41,Daily Social,0,0.34
JAZZ_0796,4674.17,35.82,20,0.49,Monthly Super,0,0.38
JAZZ_0797,2912.64,3.6,18,0.46,Monthly Super,0,0.38
JAZZ_0798,3543.92,3.56,18,0.7,Weekly Mega,0,0.28
JAZZ_0799,4628.0,0.61,24,0.9,Weekly Mega,1,0.45
JAZZ_0800,3594.75,47.83,21,0.38,Daily Social,1,0.63
JAZZ_0801,932.19,36.88,30,0.6,Monthly Super,1,0.63
JAZZ_0802,2966.18,17.66,16,0.81,Weekly Mega,2,0.62
JAZZ_0803,3112.23,14.83,22,0.47,Daily Social,0,0.41
JAZZ_0804,2235.83,17.49,31,0.25,Monthly Super,0,0.58
JAZZ_0805,3734.93,38.73,9,0.53,Monthly Super,1,0.47
JAZZ_0806,4684.96,33.07,9,0.15,Daily Social,2,0.82
JAZZ_0807,4642.73,9.26,35,0.95,Daily Social,0,0.33
JAZZ_0808,2364.03,8.71,7,0.17,Weekly Mega,1,0.59
JAZZ_0809,743.54,4.92,19,0.49,Monthly Super,0,0.37
JAZZ_0810,4927.24,33.02,31,0.58,Monthly Super,0,0.44
JAZZ_0811,4226.71,38.22,13,0.99,Monthly Super,1,0.32
JAZZ_0812,798.38,13.25,27,0.25,Daily Social,1,0.74
JAZZ_0813,4620.04,1.05,23,0.2,Weekly Mega,0,0.52
JAZZ_0814,4375.5,4.11,14,0.11,Monthly Super,0,0.48
JAZZ_0815,2690.42,48.39,21,0.24,Daily Social,1,0.69
JAZZ_0816,3038.12,14.77,29,0.29,Monthly Super,0,0.54
JAZZ_0817,2115.21,38.46,3,0.67,Weekly Mega,0,0.16
JAZZ_0818,462.86,31.23,12,0.3,Monthly Super,1,0.59
JAZZ_0819,1808.95,19.1,22,0.12,Weekly Mega,0,0.55
JAZZ_0820,4053.7,10.28,7,0.84,Weekly Mega,0,0.13
JAZZ_0821,222.23,6.07,17,0.43,Monthly Super,2,0.78
JAZZ_0822,1800.8,30.75,11,0.42,Monthly Super,1,0.53
JAZZ_0823,2111.21,38.73,30,0.37,Weekly Mega,2,0.92
JAZZ_0824,2779.5,32.2,13,0.98,Daily Social,2,0.52
JAZZ_0825,4615.31,26.52,33,0.25,Weekly Mega,2,0.99
JAZZ_0826,1862.46,2.1,17,0.91,Monthly Super,0,0.19
JAZZ_0827,1865.38,48.42,33,0.8,Monthly Super,0,0.37
JAZZ_0828,3740.01,39.94,10,0.17,Daily Social,2,0.82
JAZZ_0829,2370.65,14.64,40,0.99,Weekly Mega,2,0.76
JAZZ_0830,1278.1,49.0,11,0.34,Weekly Mega,2,0.76
JAZZ_0831,2371.71,30.09,14,0.19,Weekly Mega,0,0.45
JAZZ_0832,876.11,29.12,30,0.85,Monthly Super,2,0.73
JAZZ_0833,1046.66,37.4,28,0.74,Weekly Mega,2,0.75
JAZZ_0834,2592.17,40.59,25,0.66,Daily Social,1,0.56
JAZZ_0835,2210.84,32.82,17,0.24,Monthly Super,1,0.66
JAZZ_0836,4591.26,6.4,31,0.53,Monthly Super,0,0.46
JAZZ_0837,1939.49,16.91,21,0.8,Weekly Mega,1,0.47
JAZZ_0838,2986.82,46.4,37,0.37,Daily Social,1,0.78
JAZZ_0839,3234.87,11.23,16,0.38,Monthly Super,1,0.59
JAZZ_0840,262.85,18.61,22,0.1,Monthly Super,0,0.56
JAZZ_0841,3384.98,21.6,23,0.26,Weekly Mega,1,0.7
JAZZ_0842,1054.57,21.97,7,0.89,Weekly Mega,0,0.11
JAZZ_0843,4813.14,30.65,40,0.5,Daily Social,2,0.96
JAZZ_0844,913.58,47.15,5,0.99,Weekly Mega,1,0.25
JAZZ_0845,2190.2,12.03,4,0.46,Daily Social,0,0.25
JAZZ_0846,609.68,6.08,43,0.74,Monthly Super,1,0.69
JAZZ_0847,4985.0,9.87,28,0.35,Daily Social,2,0.91
JAZZ_0848,2610.54,44.35,27,0.43,Daily Social,0,0.47
JAZZ_0849,3057.85,32.29,10,0.27,Daily Social,0,0.38
JAZZ_0850,521.97,14.3,0,0.41,Monthly Super,0,0.24
JAZZ_0851,3799.81,40.8,42,0.59,Weekly Mega,2,0.94
JAZZ_0852,1207.55,43.07,18,0.99,Monthly Super,2,0.56
JAZZ_0853,4510.66,42.33,8,0.7,Weekly Mega,2,0.59
JAZZ_0854,1184.67,45.95,26,0.28,Daily Social,0,0.52
JAZZ_0855,1115.3,12.61,33,0.14,Daily Social,2,1.04
JAZZ_0856,375.44,37.75,43,0.21,Daily Social,1,0.9
JAZZ_0857,2465.92,23.03,3,0.61,Daily Social,2,0.58
JAZZ_0858,2911.24,42.1,35,0.79,Daily Social,0,0.4
JAZZ_0859,515.4,36.42,17,0.95,Weekly Mega,1,0.37
JAZZ_0860,3922.53,38.82,14,0.11,Weekly Mega,2,0.88
JAZZ_0861,2375.79,32.81,12,0.57,Daily Social,1,0.48
JAZZ_0862,2717.07,8.87,18,0.52,Monthly Super,1,0.55
JAZZ_0863,2315.66,27.25,5,0.69,Monthly Super,0,0.17
JAZZ_0864,2123.66,49.23,11,0.6,Daily Social,1,0.46
JAZZ_0865,2886.27,46.87,36,0.72,Weekly Mega,1,0.63
JAZZ_0866,945.15,2.16,16,0.69,Monthly Super,0,0.27
JAZZ_0867,1073.26,8.24,22,0.21,Monthly Super,0,0.51
JAZZ_0868,4336.57,6.59,25,0.82,Monthly Super,0,0.29
JAZZ_0869,4741.35,36.3,28,0.21,Daily Social,1,0.76
JAZZ_0870,1991.88,40.89,32,0.73,Monthly Super,1,0.59
JAZZ_0871,1499.57,10.68,26,0.47,Monthly Super,1,0.64
JAZZ_0872,3291.2,25.29,24,0.56,Monthly Super,0,0.39
JAZZ_0873,2161.92,42.04,9,0.91,Monthly Super,2,0.52
JAZZ_0874,321.85,36.64,22,0.9,Weekly Mega,1,0.44
JAZZ_0875,949.53,27.11,20,0.84,Daily Social,2,0.64
JAZZ_0876,3636.67,29.52,20,0.56,Daily Social,0,0.35
JAZZ_0877,3362.83,25.42,42,0.76,Weekly Mega,1,0.67
JAZZ_0878,330.06,14.88,12,0.56,Weekly Mega,2,0.68
JAZZ_0879,1265.47,28.25,36,0.88,Daily Social,1,0.57
JAZZ_0880,1309.16,34.44,32,0.46,Monthly Super,1,0.7
JAZZ_0881,3425.09,43.67,23,0.97,Monthly Super,1,0.42
JAZZ_0882,294.61,31.81,43,0.94,Daily Social,2,0.81
JAZZ_0883,699.72,38.06,10,0.77,Monthly Super,0,0.18
JAZZ_0884,4039.6,8.0,16,0.35,Weekly Mega,1,0.6
JAZZ_0885,1057.01,23.08,3,0.22,Monthly Super,0,0.34
JAZZ_0886,3333.18,0.47,24,0.87,Monthly Super,0,0.27
JAZZ_0887,1343.28,12.33,29,0.25,Monthly Super,2,0.96
JAZZ_0888,677.32,36.32,8,0.87,Daily Social,2,0.52
JAZZ_0889,1367.23,49.59,20,0.54,Weekly Mega,0,0.36
JAZZ_0890,3666.88,4.96,19,0.47,Monthly Super,1,0.58
JAZZ_0891,4307.34,20.07,18,0.91,Daily Social,2,0.6
JAZZ_0892,4185.06,40.0,18,0.64,Monthly Super,1,0.5
JAZZ_0893,2106.48,10.2,11,0.62,Weekly Mega,1,0.45
JAZZ_0894,3406.81,27.75,36,0.6,Monthly Super,1,0.68
JAZZ_0895,1183.92,36.65,41,0.43,Weekly Mega,0,0.59
JAZZ_0896,1607.11,30.8,16,0.81,Monthly Super,1,0.42
JAZZ_0897,4502.41,9.4,36,0.33,Weekly Mega,0,0.59
JAZZ_0898,262.41,17.77,38,0.95,Monthly Super,0,0.36
JAZZ_0899,610.44,39.19,27,0.9,Weekly Mega,1,0.48
JAZZ_0900,1197.85,27.71,40,0.4,Monthly Super,1,0.8
JAZZ_0901,327.35,0.26,34,0.76,Monthly Super,1,0.6
JAZZ_0902,1070.89,38.05,17,0.62,Daily Social,1,0.5
JAZZ_0903,2998.6,1.77,13,0.4,Daily Social,0,0.36
JAZZ_0904,2222.84,37.29,34,0.99,Weekly Mega,1,0.51
JAZZ_0905,4484.82,10.12,43,0.12,Monthly Super,1,0.93
JAZZ_0906,4123.73,47.9,40,0.33,Weekly Mega,0,0.62
JAZZ_0907,1840.72,18.4,6,0.57,Daily Social,2,0.63
JAZZ_0908,1445.23,16.35,40,0.57,Weekly Mega,2,0.93
JAZZ_0909,2022.52,7.44,12,0.63,Weekly Mega,0,0.25
JAZZ_0910,3033.42,15.28,17,0.78,Daily Social,2,0.64
JAZZ_0911,1486.71,43.83,36,0.66,Monthly Super,0,0.46
JAZZ_0912,3195.91,49.82,12,0.64,Weekly Mega,1,0.45
JAZZ_0913,2165.18,18.42,35,0.15,Daily Social,1,0.85
JAZZ_0914,2849.83,22.43,30,0.44,Monthly Super,2,0.89
JAZZ_0915,2293.41,36.1,1,0.31,Daily Social,1,0.48
JAZZ_0916,1613.44,44.31,15,0.34,Weekly Mega,2,0.8
JAZZ_0917,4752.58,29.65,8,0.6,Monthly Super,2,0.63
JAZZ_0918,3865.31,19.58,8,0.28,Monthly Super,1,0.56
JAZZ_0919,872.54,20.63,37,0.36,Daily Social,1,0.78
JAZZ_0920,4368.65,34.78,10,0.31,Daily Social,2,0.76
JAZZ_0921,2539.67,0.16,21,0.95,Daily Social,1,0.41
JAZZ_0922,4493.85,30.98,32,0.95,Monthly Super,0,0.3
JAZZ_0923,4039.31,17.77,35,0.65,Monthly Super,1,0.65
JAZZ_0924,2241.02,39.71,44,0.93,Weekly Mega,1,0.62
JAZZ_0925,307.85,4.65,22,0.81,Monthly Super,0,0.27
JAZZ_0926,1489.65,29.41,44,0.63,Weekly Mega,1,0.74
JAZZ_0927,2799.84,24.05,44,0.11,Daily Social,1,0.95
JAZZ_0928,3240.7,32.12,33,0.8,Daily Social,2,0.77
JAZZ_0929,1437.86,3.24,8,0.73,Monthly Super,1,0.38
JAZZ_0930,868.91,29.0,23,0.65,Daily Social,1,0.54
JAZZ_0931,4207.67,28.07,7,0.78,Daily Social,0,0.15
JAZZ_0932,4925.13,28.03,6,0.56,Monthly Super,2,0.63
JAZZ_0933,2723.31,30.17,35,0.73,Weekly Mega,2,0.82
JAZZ_0934,1024.06,33.82,17,0.94,Monthly Super,2,0.58
JAZZ_0935,1507.08,40.25,2,0.44,Weekly Mega,1,0.44
JAZZ_0936,288.28,13.49,27,0.74,Monthly Super,2,0.74
JAZZ_0937,4588.63,41.25,5,0.53,Monthly Super,0,0.23
JAZZ_0938,765.21,24.91,43,0.71,Daily Social,2,0.9
JAZZ_0939,2967.28,3.85,43,0.79,Monthly Super,0,0.47
JAZZ_0940,1515.47,2.93,20,0.14,Monthly Super,2,0.92
JAZZ_0941,2860.05,16.71,27,0.68,Weekly Mega,2,0.77
JAZZ_0942,3326.82,39.24,39,0.3,Daily Social,0,0.63
JAZZ_0943,4182.76,35.38,0,0.7,Weekly Mega,2,0.52
JAZZ_0944,1190.82,39.43,35,0.52,Weekly Mega,2,0.9
JAZZ_0945,252.78,25.86,20,0.8,Daily Social,2,0.66
JAZZ_0946,857.05,22.01,42,0.21,Daily Social,1,0.89
JAZZ_0947,4520.09,7.37,34,0.66,Daily Social,0,0.44
JAZZ_0948,4394.67,16.41,12,0.35,Monthly Super,2,0.77
JAZZ_0949,3067.58,21.7,9,0.87,Daily Social,0,0.13
JAZZ_0950,3082.48,4.43,43,0.94,Daily Social,0,0.41
JAZZ_0951,3392.18,11.03,9,1.0,Daily Social,0,0.08
JAZZ_0952,1041.78,29.91,12,0.82,Weekly Mega,2,0.58
JAZZ_0953,4589.18,36.78,36,0.78,Weekly Mega,2,0.81
JAZZ_0954,2210.1,49.92,37,0.29,Monthly Super,0,0.61
JAZZ_0955,2039.06,46.66,23,0.4,Weekly Mega,1,0.64
JAZZ_0956,2690.8,32.13,1,0.52,Monthly Super,0,0.2
JAZZ_0957,425.44,21.06,21,0.8,Weekly Mega,1,0.47
JAZZ_0958,998.16,31.81,16,0.92,Daily Social,0,0.17
JAZZ_0959,3742.56,39.28,35,0.27,Weekly Mega,0,0.6
JAZZ_0960,597.43,5.92,13,0.93,Monthly Super,0,0.14
JAZZ_0961,3095.13,20.5,9,0.73,Weekly Mega,2,0.59
JAZZ_0962,1377.68,41.99,34,0.65,Daily Social,1,0.64
JAZZ_0963,2068.62,19.19,24,0.28,Monthly Super,1,0.7
JAZZ_0964,1585.73,28.59,2,0.15,Daily Social,0,0.36
JAZZ_0965,1907.23,29.39,37,0.61,Daily Social,2,0.88
JAZZ_0966,3651.42,9.22,16,0.69,Monthly Super,2,0.67
JAZZ_0967,1626.18,18.11,11,0.29,Daily Social,1,0.58
JAZZ_0968,2918.74,16.73,23,0.6,Daily Social,2,0.76
JAZZ_0969,2485.04,1.31,28,0.87,Weekly Mega,1,0.5
JAZZ_0970,3385.62,1.21,42,0.85,Daily Social,1,0.63
JAZZ_0971,4696.78,41.58,24,0.93,Daily Social,1,0.44
JAZZ_0972,3716.35,13.65,35,0.43,Daily Social,2,0.94
JAZZ_0973,1231.71,25.9,25,0.39,Daily Social,1,0.67
JAZZ_0974,349.68,14.94,37,0.77,Monthly Super,1,0.62
JAZZ_0975,1458.87,47.03,0,0.49,Weekly Mega,0,0.2
JAZZ_0976,3056.37,12.96,19,0.18,Daily Social,1,0.7
JAZZ_0977,446.84,21.48,27,0.35,Daily Social,1,0.7
JAZZ_0978,2582.56,43.64,15,0.48,Monthly Super,0,0.34
JAZZ_0979,3064.85,42.1,16,0.36,Daily Social,0,0.4
JAZZ_0980,1804.37,9.31,39,0.4,Monthly Super,2,0.99
JAZZ_0981,3900.38,40.13,27,0.36,Weekly Mega,1,0.7
JAZZ_0982,711.67,22.91,11,0.14,Weekly Mega,2,0.84
JAZZ_0983,560.66,24.15,26,0.67,Daily Social,2,0.76
JAZZ_0984,3695.31,6.67,41,0.64,Daily Social,0,0.51
JAZZ_0985,2578.36,4.03,29,0.69,Daily Social,2,0.78
JAZZ_0986,3504.33,36.4,40,0.27,Monthly Super,1,0.85
JAZZ_0987,2287.17,24.82,33,0.37,Daily Social,0,0.55
JAZZ_0988,1382.73,21.84,36,0.66,Daily Social,1,0.66
JAZZ_0989,4131.69,36.48,5,0.64,Weekly Mega,1,0.39
JAZZ_0990,4037.2,38.28,6,0.56,Daily Social,0,0.23
JAZZ_0991,3534.54,7.95,31,0.42,Weekly Mega,1,0.71
JAZZ_0992,1506.3,30.51,31,0.92,Daily Social,0,0.31
JAZZ_0993,3033.11,6.77,24,0.41,Weekly Mega,1,0.65
JAZZ_0994,1932.67,37.57,32,0.51,Daily Social,0,0.48
JAZZ_0995,639.59,32.85,6,0.71,Weekly Mega,2,0.57
JAZZ_0996,4603.11,47.83,11,0.59,Monthly Super,1,0.46
JAZZ_0997,856.73,3.45,15,0.41,Weekly Mega,0,0.37
JAZZ_0998,4761.14,2.85,15,0.49,Weekly Mega,1,0.54
JAZZ_0999,2340.83,14.11,42,0.82,Weekly Mega,1,0.65
